feature,mae,max_ae,flagged
eeg_abspow,1.1501020068046905e-5,1.3703227386940853e-4,FALSE
eeg_abspow_c7min_norm,5.663161501451694e-9,8.535069895287961e-8,FALSE
eeg_abspow_p2min_norm,5.646054475486248e-9,8.513164639900594e-8,FALSE
eeg_alpha,5.69044629948825e-10,1.221940254536591e-8,FALSE
eeg_alpha_c7min_norm,4.211703323827972e-9,1.6493750853996403e-7,FALSE
eeg_alpha_p2min_norm,4.73187365037723e-9,1.518527525945501e-7,FALSE
eeg_at,5.778064175062069e-9,7.335591956092458e-8,FALSE
eeg_at_c7min_norm,5.84522663423705e-9,9.991621063853984e-8,FALSE
eeg_at_p2min_norm,6.011507543714286e-9,1.5526395102938295e-7,FALSE
eeg_beta,6.080826242727241e-10,8.969393616720112e-9,FALSE
eeg_beta_c7min_norm,5.353291118934949e-9,1.0284367335522404e-7,FALSE
eeg_beta_p2min_norm,5.090756940721932e-9,8.175710375368794e-8,FALSE
eeg_db,1.1624116073728579,47.12722099833968,TRUE
eeg_db_c7min_norm,6.546263993114311e-4,0.019572281439900863,FALSE
eeg_db_p2min_norm,9.083535453280813e-4,0.03650377045794517,FALSE
eeg_ds,1.1395188067721995,22.74216871161002,TRUE
eeg_ds_c7min_norm,0.0023226719845040483,0.02755306898131904,FALSE
eeg_ds_p2min_norm,0.002647311311815985,0.028485287059022646,FALSE
eeg_dt,0.12322417286321474,1.3430903821565536,TRUE
eeg_dt_c7min_norm,0.002414445710190251,0.01912000211300513,FALSE
eeg_dt_p2min_norm,0.003555330292006941,0.024371724336751388,FALSE
eeg_fdelta,5.960879438762937e-4,0.004329156150100322,FALSE
eeg_fdelta_c7min_norm,8.282568055188481e-4,0.0030469513917408264,FALSE
eeg_fdelta_p2min_norm,9.81305459461847e-4,0.005143834444093165,FALSE
eeg_hcomp,1.1577408020055506e-7,4.6300718281599984e-7,FALSE
eeg_hcomp_c7min_norm,6.266488602226124e-9,8.097475734381021e-8,FALSE
eeg_hcomp_p2min_norm,6.229974550566416e-9,8.501445725173085e-8,FALSE
eeg_higuchi,3.586576537246564e-8,1.129957931667036e-7,FALSE
eeg_higuchi_c7min_norm,4.994095186894453e-9,9.601073003295824e-8,FALSE
eeg_higuchi_p2min_norm,5.125568250990077e-9,7.097681642420639e-8,FALSE
eeg_hmob,1.4412571162606727e-8,6.788839579385808e-8,FALSE
eeg_hmob_c7min_norm,5.248984349544002e-9,5.6157616001861754e-8,FALSE
eeg_hmob_p2min_norm,5.322333760689114e-9,6.527508622511391e-8,FALSE
eeg_iqr,6.730885175321251e-7,7.514007407394274e-6,FALSE
eeg_iqr_c7min_norm,5.869520381452107e-9,9.855901828004221e-8,FALSE
eeg_iqr_p2min_norm,5.9756361706562135e-9,9.576580861647699e-8,FALSE
eeg_kurt,0.002973385857952409,0.01862276639819882,FALSE
eeg_kurt_c7min_norm,5.642732152654764e-9,5.779659706384166e-8,FALSE
eeg_kurt_p2min_norm,6.259976435460352e-9,2.1876643829799036e-7,FALSE
eeg_nzc,0,0,FALSE
eeg_nzc_c7min_norm,5.449612559507019e-9,9.739121131779882e-8,FALSE
eeg_nzc_p2min_norm,5.253483042478508e-9,8.431743281356319e-8,FALSE
eeg_perm,1.815523189792175e-8,5.7092040539608035e-8,FALSE
eeg_perm_c7min_norm,5.661758716078062e-9,1.0418872320450134e-7,FALSE
eeg_perm_p2min_norm,5.386582063373698e-9,1.0261825811319625e-7,FALSE
eeg_petrosian,3.730974211454433e-8,1.1462135085515968e-7,FALSE
eeg_petrosian_c7min_norm,5.984135343891176e-9,1.118111732090199e-7,FALSE
eeg_petrosian_p2min_norm,5.6777858666740305e-9,9.759433106104609e-8,FALSE
eeg_sdelta,0.007748852879597151,0.04644988916661763,FALSE
eeg_sdelta_c7min_norm,0.007512375126041152,0.041256960416467425,FALSE
eeg_sdelta_p2min_norm,0.010118362923992867,0.05859654394920355,TRUE
eeg_sigma,2.892161892815962e-10,2.7657191190022523e-9,FALSE
eeg_sigma_c7min_norm,5.8061967168071485e-9,9.35495207965431e-8,FALSE
eeg_sigma_p2min_norm,5.79677858433183e-9,9.467692341225131e-8,FALSE
eeg_skew,1.424095148854991e-4,0.001534651639763407,FALSE
eeg_skew_c7min_norm,5.950263983001446e-9,8.962970032833084e-8,FALSE
eeg_skew_p2min_norm,6.275747033215852e-9,1.0510186432277635e-7,FALSE
eeg_std,5.755112693324132e-7,3.4295749742341286e-6,FALSE
eeg_std_c7min_norm,5.610693081477584e-9,5.930759217065429e-8,FALSE
eeg_std_p2min_norm,5.424752167853524e-9,5.579011097545106e-8,FALSE
eeg_theta,2.400289319177628e-9,2.5198055142450215e-8,FALSE
eeg_theta_c7min_norm,5.159233685877135e-9,9.753413166002645e-8,FALSE
eeg_theta_p2min_norm,5.319146456712557e-9,1.240759779363998e-7,FALSE
emg_abspow,9.075301425832376e-7,1.727855276695842e-5,FALSE
emg_abspow_c7min_norm,3.2656291555039064e-5,1.9565740622051742e-4,FALSE
emg_abspow_p2min_norm,5.8961558106082684e-5,5.102588974002867e-4,FALSE
emg_hcomp,3.254843763682734e-5,5.742612949071191e-4,FALSE
emg_hcomp_c7min_norm,2.261459344153278e-4,0.004695280582434409,FALSE
emg_hcomp_p2min_norm,4.239219628854133e-4,0.007046443880484997,FALSE
emg_higuchi,1.596798252326472e-6,2.9391387536659153e-5,FALSE
emg_higuchi_c7min_norm,0.0015064122937846615,0.008197812324958476,FALSE
emg_higuchi_p2min_norm,8.913073129820416e-4,0.009142416053355723,FALSE
emg_hmob,2.0432681598548873e-6,3.2056868794577004e-5,FALSE
emg_hmob_c7min_norm,4.567991201895219e-4,0.0029976000744035836,FALSE
emg_hmob_p2min_norm,5.070733997897475e-4,0.006398765740974421,FALSE
emg_iqr,2.7081973880543335e-5,3.5387754183820175e-4,FALSE
emg_iqr_c7min_norm,8.223307794320145e-5,6.116308425491456e-4,FALSE
emg_iqr_p2min_norm,1.1683363696693295e-4,8.975213368155183e-4,FALSE
emg_kurt,0.0022572058575930786,0.017348215307682935,FALSE
emg_kurt_c7min_norm,2.674019928409128e-4,0.0024614779733780345,FALSE
emg_kurt_p2min_norm,2.6643814462383567e-4,0.003517322249980151,FALSE
emg_nzc,0.004580152671755725,2,FALSE
emg_nzc_c7min_norm,0.0017328841615672716,0.09843125855012536,FALSE
emg_nzc_p2min_norm,0.0010327873867286383,0.11764710589619376,FALSE
emg_perm,1.0551847864686501e-4,0.002704771148003049,FALSE
emg_perm_c7min_norm,0.016411502746075956,0.152406593510596,TRUE
emg_perm_p2min_norm,0.017175260386889837,0.19014458903988976,TRUE
emg_petrosian,2.3157746417637735e-7,3.331576315623863e-5,FALSE
emg_petrosian_c7min_norm,0.006316193425745417,0.1063532191259623,FALSE
emg_petrosian_p2min_norm,0.003187442311096499,0.13338984644094407,FALSE
emg_skew,3.193174410238809e-4,0.007380814936518432,FALSE
emg_skew_c7min_norm,2.9549960821371156e-4,0.003019693829684894,FALSE
emg_skew_p2min_norm,3.491537593352468e-4,0.005336661581262807,FALSE
emg_std,4.617456397219663e-6,6.744166030793475e-5,FALSE
emg_std_c7min_norm,1.7944420455562256e-5,8.227342089800471e-5,FALSE
emg_std_p2min_norm,2.302374380967978e-5,3.0384834247554966e-4,FALSE
eog_abspow,6.755091203256705e-5,8.300532099383418e-4,FALSE
eog_abspow_c7min_norm,6.65796597509802e-9,5.522694790371929e-8,FALSE
eog_abspow_p2min_norm,7.007894901155175e-9,9.218651242370868e-8,FALSE
eog_alpha,4.2627231381030996e-10,6.0565641391008285e-9,FALSE
eog_alpha_c7min_norm,5.8034497165805725e-9,7.470421148347839e-8,FALSE
eog_alpha_p2min_norm,6.075504125760587e-9,1.0433221819816652e-7,FALSE
eog_beta,8.825878373949754e-10,2.283414557435748e-8,FALSE
eog_beta_c7min_norm,5.939559085735517e-9,1.0080254497779606e-7,FALSE
eog_beta_p2min_norm,6.024683383433847e-9,1.2633254220517642e-7,FALSE
eog_fdelta,3.004946185340808e-4,0.0026706427036866653,FALSE
eog_fdelta_c7min_norm,3.775895209517152e-4,0.0020994436574428565,FALSE
eog_fdelta_p2min_norm,6.100070065459312e-4,0.0033945487497792914,FALSE
eog_hcomp,1.5395118824786632e-7,1.1360970759710654e-6,FALSE
eog_hcomp_c7min_norm,6.741302386705094e-9,9.815396007084587e-8,FALSE
eog_hcomp_p2min_norm,6.856354999122738e-9,9.327502681344413e-8,FALSE
eog_higuchi,3.740674269217388e-8,1.1304601943429304e-7,FALSE
eog_higuchi_c7min_norm,7.328572261187493e-9,5.6754225652433377e-8,FALSE
eog_higuchi_p2min_norm,7.158458964402976e-9,5.669514790973551e-8,FALSE
eog_hmob,1.2956919671354375e-8,7.881009345123147e-8,FALSE
eog_hmob_c7min_norm,6.594643208896128e-9,8.333450174369261e-8,FALSE
eog_hmob_p2min_norm,6.428404460647151e-9,8.256099315318011e-8,FALSE
eog_iqr,1.7101284179424974e-6,1.1971843292712947e-5,FALSE
eog_iqr_c7min_norm,7.3808287509563375e-9,5.690570259453409e-8,FALSE
eog_iqr_p2min_norm,7.219495776733906e-9,5.476223730038754e-8,FALSE
eog_kurt,0.003295520689510761,0.01763271282860046,FALSE
eog_kurt_c7min_norm,5.843956023786821e-9,1.1240558039915527e-7,FALSE
eog_kurt_p2min_norm,5.675837222331433e-9,1.0617097356835359e-7,FALSE
eog_nzc,0,0,FALSE
eog_nzc_c7min_norm,6.21102960504882e-9,9.331016381786128e-8,FALSE
eog_nzc_p2min_norm,6.4157191330332675e-9,1.0212804268938669e-7,FALSE
eog_perm,1.801295134014516e-8,5.920616685806124e-8,FALSE
eog_perm_c7min_norm,6.456878988257448e-9,5.452999896071731e-8,FALSE
eog_perm_p2min_norm,6.667873243087499e-9,5.398356683894434e-8,FALSE
eog_petrosian,3.748817749806148e-8,1.0961128826814104e-7,FALSE
eog_petrosian_c7min_norm,7.949019539749595e-9,6.940097807550671e-8,FALSE
eog_petrosian_p2min_norm,7.771947891080047e-9,6.659535345399092e-8,FALSE
eog_sdelta,0.010917831538477633,0.07654299352721383,TRUE
eog_sdelta_c7min_norm,0.014889727947463592,0.1171710223176784,TRUE
eog_sdelta_p2min_norm,0.016734891790484128,0.16541769328952283,TRUE
eog_sigma,2.9349086720299333e-10,3.4447465990794512e-9,FALSE
eog_sigma_c7min_norm,5.865814399226793e-9,1.0526683991152197e-7,FALSE
eog_sigma_p2min_norm,6.297361821592965e-9,1.0577695941371701e-7,FALSE
eog_skew,1.541533507535825e-4,0.0019020782471184106,FALSE
eog_skew_c7min_norm,6.244573459277376e-9,1.8492895170751922e-7,FALSE
eog_skew_p2min_norm,6.128372170294168e-9,8.673132567693642e-8,FALSE
eog_std,1.5908986364788845e-6,8.8582833370765e-6,FALSE
eog_std_c7min_norm,7.468595154340964e-9,5.811452608028844e-8,FALSE
eog_std_p2min_norm,7.2541647523396245e-9,5.823267446025682e-8,FALSE
eog_theta,1.202691227838238e-9,1.1380019010465148e-8,FALSE
eog_theta_c7min_norm,5.221458320534943e-9,1.0253384941094623e-7,FALSE
eog_theta_p2min_norm,5.740042926954996e-9,9.486359542343337e-8,FALSE
time_hour,2.626641223073214e-7,1.333333333519704e-6,FALSE
time_norm,1.1900361118567104e-8,5.8890147203172205e-8,FALSE
